"Phiên b?n,Dài,R?ng,Cao,Tr?ng l??ng không t?i,Dung l??ng pin kh? d?ng,Quãng ???ng ch?y 1 l?n s?c ??y,Công su?t t?i ?a,S? ch? ng?i,Th?i gian t?ng t?c lên 100k/h,URL Anh,M?u xe"
"VFe34,4300,1793,1613,1490,41.9,318.6,110,5,9,https://xeotovinfast.com.vn/wp-content/uploads/2024/03/Hinh-anh-dat-coc-Xe-dien-VinFast-e34-mau-xanh-deep-ocean-300x138.png,VF e34"
"VF3 ,3190,1679,1622,857,18.64,210,32,4,19.3,https://xeotovinfast.com.vn/wp-content/uploads/2024/03/vf3-tran1-300x169.png,VF 3"
"VF5 Plus,3965,1720,1580,1360,37.23,300,100,5,12,https://xeotovinfast.com.vn/wp-content/uploads/2024/03/vf5-16-300x146.webp,VF 5"
"VF 6S,4238,1820,1594,1550,59.6,399,100,5,8.3,https://xeotovinfast.com.vn/wp-content/uploads/2024/03/vf6-300x144.png,VF 6"
"VF 6 Plus,4238,1820,1594,1743,59.6,381,150,5,8,https://xeotovinfast.com.vn/wp-content/uploads/2024/03/vf6-300x144.png,VF 6"
"VF 7S,4545,1890,1635.75,2000,59.6,375,130,5,10.5,https://xeotovinfast.com.vn/wp-content/uploads/2024/03/hinh-dai-dien-vinfast-vf7-giaxedien-com-300x181.png,VF 7"
"VF 7 Plus (Tr?n kính toàn c?nh),4545,1890,1635.75,2050,75.3,431,260,5,5.8,https://xeotovinfast.com.vn/wp-content/uploads/2024/03/hinh-dai-dien-vinfast-vf7-giaxedien-com-300x181.png,VF 7"
"VF 7 Plus,4545,1890,1635.75,2205,75.3,431,260,5,5.8,https://xeotovinfast.com.vn/wp-content/uploads/2024/03/hinh-dai-dien-vinfast-vf7-giaxedien-com-300x181.png,VF 7"
"VF 8S,4750,1935,1667,2455,87.7,471,260,5,5.9,https://xeotovinfast.com.vn/wp-content/uploads/2024/03/1-min-1-300x169.png,VF 8"
"VF8 Lux Plus,4750,1935,1667,2520,87.7,457,300,5,5.5,https://xeotovinfast.com.vn/wp-content/uploads/2024/03/1-min-1-300x169.png,VF 8"
"VF8 Lux,4750,1935,1667,2455,87.7,471,260,5,5.9,https://xeotovinfast.com.vn/wp-content/uploads/2024/03/1-min-1-300x169.png,VF 8"
"VF9 Eco,5119,2004,1696,2830,92,423,300,7,7.3,https://xeotovinfast.com.vn/wp-content/uploads/2024/03/Screenshot_1-300x165.webp,VF 9"
"VF9 Plus,5119,2004,1696,2866,123,437,300,7,7.3,https://xeotovinfast.com.vn/wp-content/uploads/2024/03/Screenshot_1-300x165.webp,VF 9"
